Description,Designator,Footprint,LibRef,MFR,MPN,Quantity

"CAP, MLCC, X5R, 0201, 25V, 10%, 0.1uF","C1","0201","CAP 0805","Taiyo Yuden","GMK063BJ104KP-F","1"
"CAP, MLCC, C0G, 0402, 100V, 10%, 1000pF","C2","0402","CAP 0805","Kemet","C0402C102J1GEC7411","1"
"CAP, MLCC, X7R, 1210, 50V, 10%, 10uF","C3","1210","CAP 0805","Kemet","C1210C106K5RACTU","1"
"CAP, MLCC, C0G, 0402, 100V, 10%, 1000pF","C4","0402","CAP 0805","Kemet","C0402C102J1GEC7411","1"
"CAP, MLCC, C0G, 0402, 100V, 10%, 1000pF","C5","0402","CAP 0805","Kemet","C0402C102J1GEC7411","1"
"CAP, MLCC, X7R, 1210, 50V, 10%, 10uF","C6","1210","CAP 0805","Kemet","C1210C106K5RACTU","1"
"CAP, MLCC, X7R, 0603, 50V, 10%, 1uF","C7","0603","CAP 0805","Taiyo Yuden","UMK107AB7105MA-T","1"
"CAP, MLCC, X7R, 0603, 50V, 10%, 1uF","C8","0603","CAP 0805","Taiyo Yuden","UMK107AB7105MA-T","1"
"CAP, MLCC, X7R, 0603, 50V, 10%, 1uF","C9","0603","CAP 0805","Taiyo Yuden","UMK107AB7105MA-T","1"
"CAP, MLCC, X7R, 0603, 50V, 10%, 1uF","C10","0603","CAP 0805","Taiyo Yuden","UMK107AB7105MA-T","1"
"CAP, MLCC, X7R, 0603, 50V, 10%, 1uF","C11","0603","CAP 0805","Taiyo Yuden","UMK107AB7105MA-T","1"
"CAP, MLCC, C0G, 0402, 100V, 10%, 1000pF","C12","0402","CAP 0805","Kemet","C0402C102J1GEC7411","1"
"CAP, MLCC, C0G, 0402, 100V, 10%, 1000pF","C13","0402","CAP 0805","Kemet","C0402C102J1GEC7411","1"
"CAP, MLCC, X7R, 1210, 50V, 10%, 10uF","C14","1210","CAP 0805","Kemet","C1210C106K5RACTU","1"
"CAP, MLCC, X7R, 1210, 50V, 10%, 10uF","C15","1210","CAP 0805","Kemet","C1210C106K5RACTU","1"
"CAP, MLCC, X7R, 0603, 50V, 10%, 1uF","C16","0603","CAP 0805","Taiyo Yuden","UMK107AB7105MA-T","1"
"CAP, MLCC, X7R, 0603, 50V, 10%, 1uF","C17","0603","CAP 0805","Taiyo Yuden","UMK107AB7105MA-T","1"
"CAP, MLCC, X7R, 0603, 50V, 10%, 1uF","C18","0603","CAP 0805","Taiyo Yuden","UMK107AB7105MA-T","1"
"CAP, MLCC, X7R, 0603, 50V, 10%, 1uF","C19","0603","CAP 0805","Taiyo Yuden","UMK107AB7105MA-T","1"
"CAP, MLCC, X7R, 1210, 50V, 10%, 10uF","C20","1210","CAP 0805","Kemet","C1210C106K5RACTU","1"
"CAP, MLCC, X7R, 1210, 50V, 10%, 10uF","C21","1210","CAP 0805","Kemet","C1210C106K5RACTU","1"
"CAP, MLCC, X7R, 1210, 50V, 10%, 10uF","C22","1210","CAP 0805","Kemet","C1210C106K5RACTU","1"
"CAP, MLCC, X7R, 1210, 50V, 10%, 10uF","C23","1210","CAP 0805","Kemet","C1210C106K5RACTU","1"
"CAP, MLCC, X7R, 1210, 50V, 10%, 10uF","C24","1210","CAP 0805","Kemet","C1210C106K5RACTU","1"
"CAP, MLCC, X7R, 1210, 50V, 10%, 10uF","C25","1210","CAP 0805","Kemet","C1210C106K5RACTU","1"
"CAP, MLCC, X5R, 0402, 25V, 10%, 0.1uF","C26","0402","CAP 0805","Murata","GRM155R71H104KE14D","1"
"CAP, MLCC, X7R, 0603, 50V, 10%, 1uF","C27","0603","CAP 0805","Taiyo Yuden","UMK107AB7105MA-T","1"
"CAP, MLCC, X7R, 0603, 50V, 10%, 1uF","C28","0603","CAP 0805","Taiyo Yuden","UMK107AB7105MA-T","1"
"CAP, MLCC, X5R, 0201, 25V, 10%, 0.1uF","C29","0201","CAP 0805","Taiyo Yuden","GMK063BJ104KP-F","1"
"CAP, MLCC, X7R, 0603, 50V, 10%, 1uF","C30","0603","CAP 0805","Taiyo Yuden","UMK107AB7105MA-T","1"
"CAP, MLCC, X5R, 0201, 25V, 10%, 0.1uF","C31","0201","CAP 0805","Taiyo Yuden","GMK063BJ104KP-F","1"
"CAP, MLCC, C0G, 0402, ?V, 10%, ?pF","C32","0603","CAP 0805","?","?","1"
"CAP, MLCC, C0G, 0603, 100V, 10%, 1800pF","C33","0603","CAP 0805","?","?","1"
"CAP, MLCC, C0G, 0603, 50V, 10%, 6800pF","C34","0603","CAP 0805","?","?","1"
"CAP, MLCC, C0G, 0603, 50V, 10%, 390pF","C35","0603","CAP 0805","?","?","1"
"CAP, MLCC, C0G, 0402, 50V, 5%, 1000pF","C36","0402","CAP 0805","Murata","GRM1555C1H102FA01D","1"
"CAP, MLCC, C0G, 0402, 50V, 5%, 100pF","C37","0402","CAP 0805","Murata","GRM1555C1H101JA01J","1"
"CAP, TANT, SMD, 0402, 0.33uF, 20V","C38","0402_P","CAP_TANT","ROHM Semi","TCTU1D334M8R","1"
"CAP, MLCC, C0G, 0402, 16V, 10%, 10000pF","C39","0402","CAP 0805","ATC","520L103KT16T","1"
"CAP, MLCC, C0G, 0402, 16V, 10%, 10000pF","C40","0402","CAP 0805","ATC","520L103KT16T","1"
"CAP, MLCC, C0G, 0402, 16V, 10%, 10000pF","C41","0201","CAP 0805","ATC","520L103KT16T","1"
"CAP, MLCC, C0G, 0402, 16V, 10%, 10000pF","C42","0201","CAP 0805","ATC","520L103KT16T","1"
"CAP, MLCC, C0G, 0402, 16V, 10%, 10000pF","C43","0201","CAP 0805","ATC","520L103KT16T","1"
"CAP, MLCC, C0G, 0402, 16V, 10%, 10000pF","C44","0402","CAP 0805","ATC","520L103KT16T","1"
"CAP, MLCC, X5R, 0402, 25V, 10%, 0.1uF","C45","0402","CAP 0805","Murata","GRM155R71H104KE14D","1"
"CAP, MLCC, X5R, 0402, 25V, 10%, 0.1uF","C46","0402","CAP 0805","Murata","GRM155R71H104KE14D","1"
"CAP, MLCC, C0G, 0402, 100V, 10%, 1000pF","C47","0402","CAP 0805","Kemet","C0402C102J1GEC7411","1"
"CAP, MLCC, C0G, 0402, 100V, 10%, 1000pF","C48","0402","CAP 0805","Kemet","C0402C102J1GEC7411","1"
"CAP, MLCC, X7R, 0603, 50V, 10%, 1uF","C49","0603","CAP 0805","Taiyo Yuden","UMK107AB7105MA-T","1"
"CAP, MLCC, X5R, 0201, 25V, 10%, 0.1uF","C50","0201","CAP 0805","Taiyo Yuden","GMK063BJ104KP-F","1"
"CAP, MLCC, C0G, 0402, 16V, 10%, 10000pF","C51","0402","CAP 0805","ATC","520L103KT16T","1"
"CAP, MLCC, C0G, 0402, 100V, 10%, 1000pF","C52","0201","CAP 0805","Kemet","C0402C102J1GEC7411","1"
"CAP, MLCC, C0G, 0402, 100V, 10%, 1000pF","C53","0201","CAP 0805","Kemet","C0402C102J1GEC7411","1"
"CAP, MLCC, C0G, 0402, 16V, 10%, 10000pF","C54","0201","CAP 0805","ATC","520L103KT16T","1"
"CAP, MLCC, C0G, 0402, 16V, 10%, 10000pF","C55","0201","CAP 0805","ATC","520L103KT16T","1"
"CAP, MLCC, C0G, 0402, 100V, 10%, 1000pF","C56","0402","CAP 0805","Kemet","C0402C102J1GEC7411","1"
"CAP, MLCC, X7R, 1210, 50V, 10%, 10uF","C57","1210","CAP 0805","Kemet","C1210C106K5RACTU","1"
"CAP, MLCC, C0G, 0402, 100V, 10%, 1000pF","C58","0402","CAP 0805","Kemet","C0402C102J1GEC7411","1"
"CAP, MLCC, C0G, 0402, 100V, 10%, 1000pF","C59","0402","CAP 0805","Kemet","C0402C102J1GEC7411","1"
"CAP, MLCC, X7R, 1210, 50V, 10%, 10uF","C60","1210","CAP 0805","Kemet","C1210C106K5RACTU","1"
"CAP, MLCC, X7R, 1210, 50V, 10%, 10uF","C61","1210","CAP 0805","Kemet","C1210C106K5RACTU","1"
"CAP, MLCC, X7R, 0603, 50V, 10%, 1uF","C62","0603","CAP 0805","Taiyo Yuden","UMK107AB7105MA-T","1"
"CAP, MLCC, X7R, 1210, 50V, 10%, 10uF","C63","1210","CAP 0805","Kemet","C1210C106K5RACTU","1"
"CAP, MLCC, X7R, 1210, 50V, 10%, 10uF","C64","1210","CAP 0805","Kemet","C1210C106K5RACTU","1"
"CAP, MLCC, X7R, 0603, 50V, 10%, 1uF","C65","0603","CAP 0805","Taiyo Yuden","UMK107AB7105MA-T","1"
"DIO, TVS, 5V, 500W","D1","SMA","DIODE_SCHOTTKY_SOD123","Diodes, Inc.","???","1"
"LED, 0402, GRN","D2","0402-LED","LED","Kingbright","APG1005CGC-T","1"
"DIO, TVS, 15V, 500W","D3","SMA","DIODE_SCHOTTKY_SOD123","Diodes, Inc.","???","1"
"DIODE, SHTKY","D4","SMA","DIODE_SCHOTTKY_SOD123","-","-","1"
"Bead, Ferrite, SMD, 80 ohm","FB1","0402","FB-100","?","?","1"
"Bead, Ferrite, SMD, 80 ohm","FB2","0402","FB-100","?","?","1"
"Bead, Ferrite, SMD, 80 ohm","FB3","0402","FB-100","?","?","1"
"Bead, Ferrite, SMD, 80 ohm","FB4","0402","FB-100","?","?","1"
"Bead, Ferrite, SMD, 80 ohm","FB5","0402","FB-100","?","?","1"
"Bead, Ferrite, SMD, 80 ohm","FB6","0402","FB-100","?","?","1"
"Bead, Ferrite, SMD, 80 ohm","FB7","0402","FB-100","?","?","1"
"Bead, Ferrite, SMD, 80 ohm","FB8","0402","FB-100","?","?","1"
"CONN, SMA, EDGE","J1","CONN_SMA_EDGE_062","CONN_SMA_EDGE","-","-","1"
"CONN, SMA, EDGE","J2","CONN_SMA_EDGE_062","CONN_SMA_EDGE","-","-","1"
"IND, CHP, WW, 3.3nH, 0805","L1","0805","FB-100","?","?","1"
"IND, CHP, WW, 3.3nH, 0805","L2","0805","FB-100","?","?","1"
"CON, PICBLD, 1.25MM, 6POS","P1","CON_1.25MM_6P","CONN_6POS_1.25MM_JTAGPGM","Molex","53398-0671","1"
"CON, PICBLD, 1.25MM, 6POS","P1a","CON_1.25MM_6P","CONN_6POS_1.25MM_JTAGPGM","Molex","53398-0671","1"
"CON, DIP, 16 POS","P2","IDC16","CON_16P_2ROW","-","-","1"
"TRAN, PNP, 40V, 200mA","Q1","SOT23-A","PNP1","MCC","MMBT3906T-TP","1"
"TRAN, PNP, 40V, 200mA","Q2","SOT23-A","PNP1","MCC","MMBT3906T-TP","1"
"RES, CHP, 0402, 1%, 100ppm/C, 1","R1","0402","Res3","Vishay/Dale","RCC04021R00FKED","1"
"RES, CHP, 0402, 1%, 330","R2","0402","Res3","Yageo","RC0402FR-07330RL","1"
"RES, CHP, 0402, 1%, 4.99","R3","0402","Res3","Yageo","RC0402FR-074R99L","1"
"RES, CHP, 0402, 1%, 3.60K","R4","0402","Res3","Yageo","RC0402FR-073K6L","1"
"RES, CHP, 0402, 1%, 3.60K","R5","0402","Res3","Yageo","RC0402FR-073K6L","1"
"RES, CHP, 0402, 1%, ?K","R6","0402","Res3","Yageo","RC0402FR-07?L","1"
"RES, CHP, 0402, 1%, 18","R7","0402","Res3","Yageo","RC0402FR-0718L","1"
"RES, CHP, 0402, 1%, 68","R8","0402","Res3","Yageo","RC0402FR-0768RL","1"
"RES, CHP, 0402, 1%, ?K","R9","0402","Res3","Yageo","RC0402FR-07?L","1"
"RES, CHP, 0402, 1%, 33","R10","0402","Res3","Yageo","RC0402FR-0733RL","1"
"RES, CHP, 0402, 1%, 33","R11","0402","Res3","Yageo","RC0402FR-0733RL","1"
"RES, CHP, 0402, 1%, 33","R12","0402","Res3","Yageo","RC0402FR-0733RL","1"
"RES, CHP, 0402, 1%, 33","R13","0402","Res3","Yageo","RC0402FR-0733RL","1"
"RES, CHP, 0402, 1%, 33","R14","0402","Res3","Yageo","RC0402FR-0733RL","1"
"RES, CHP, RF, 0402, 0.1%, 50","R15","0402","Res3","Vishay/Dale","FC0402E50R0BST1","1"
"RES, CHP, 0402, 1%, 33","R16","0402","Res3","Yageo","RC0402FR-0733RL","1"
"RES, CHP, RF, 0402, 0.1%, 50","R17","0402","Res3","Vishay/Dale","FC0402E50R0BST1","1"
"RES, CHP, 0402, 1%, 33","R18","0402","Res3","Yageo","RC0402FR-0733RL","1"
"RES, CHP, 0402, 1%, 33","R19","0402","Res3","Yageo","RC0402FR-0733RL","1"
"RES, CHP, RF, 0402, 0.1%, 50","R20","0201","Res3","Vishay","CH02016-50RGFT","1"
"RES, CHP, RF, 0402, 0.1%, 50","R21","0201","Res3","Vishay","CH02016-50RGFT","1"
"RES, CHP, 0402, 1%, 49.9","R22","0201","Res3","Yageo","RC0201FR-0749R9L","1"
"RES, CHP, 0402, 1%, 49.9","R23","0201","Res3","Yageo","RC0201FR-0749R9L","1"
"RES, CHP, 0402, 1%, 33","R24","0402","Res3","Yageo","RC0402FR-0733RL","1"
"RES, CHP, 0402, 1%, 402","R25","0402","Res3","Yageo","RC0402FR-07402RL","1"
"RES, CHP, 0402, 1%, ?K","R26","0402","Res3","Yageo","RC0402FR-07?L","1"
"IC, PLL, w/VCO, 7.3-15000 MHz, 300MHz REF","U1","VQFN-40","LMX2594RHAT","TI","LMX2594RHAT","1"
"IC, VREG, ULN, 3.3V","U2","LFCSP-8","ADM7150ARDZ-5.0","Analog Devices","ADM7154ACPZ-3.3-R7","1"
"IC, MCU, SFF, 8b, 32Kb, 20MHz","U3","VQFN24_3X3_SM","ATTINY-3217","MicroChip","ATTINY3217-MNR","1"
"MMIC, AMP, E-PHEMT","U4","MC1631-1","PMA2-183LN+","Mini Circuits","PMA2-183LN+","1"
"ATTEN, FXD, SMD, 1W","U5","ATTEN_TSX-X","ATTEN_TSX","Smiths Interconnect","TSXaa.00","1"
"IC,GATE,2IN,AND,SNGL,","U6","SC70-5","74AHC1G08+5V","-","-","1"
"IC, OSC, SMD, W_EN","U7","OSC_UniversalSMD","OSC_MODULE","Abracon","ASEMB-25.000MHZ-LC-T","1"
"IC, VREG, ULN, 3.3V","U8","LFCSP-8","ADM7150ARDZ-5.0","Analog Devices","ADM7154ACPZ-3.3-R7","1"
