Description,Designator,Footprint,LibRef,MFR,MPN,Quantity,DNP

"CAP, MLCC, X5R, 0201, 25V, 10%, 0.1uF","C1, C29, C31, C50","0201","CAP 0805","Taiyo Yuden","GMK063BJ104KP-F","4",""
"CAP, MLCC, C0G, 0402, 100V, 10%, 1000pF","C2, C4, C5, C12, C13, C47, C48, C56, C58, C59","0402","CAP 0805","Kemet","C0402C102J1GEC7411","10",""
"CAP, MLCC, X7R, 1210, 50V, 10%, 10uF","C3, C6, C14, C15, C20, C21, C22, C23, C24, C25, C57, C60, C61, C63, C64","1210","CAP 0805","Kemet","C1210C106K5RACTU","15",""
"CAP, MLCC, X7R, 0603, 50V, 10%, 1uF","C7, C8, C9, C10, C11, C16, C17, C18, C19, C28, C30, C49, C62","0603","CAP 0805","Taiyo Yuden","MSASU168AB7105KTNA01","13",""
"CAP, MLCC, X5R, 0402, 25V, 10%, 0.1uF","C26, C45, C46","0402","CAP 0805","Murata","GRM155R71H104KE14D","3",""
"CAP, MLCC, X7R, 0603, 50V, 10%, 1uF","C27, C65","0603","CAP 0805","Taiyo Yuden","UMK107AB7105MA-T","2",""
"CAP, MLCC, C0G, 0402, ?V, 10%, ?pF","C32","0603","CAP 0805","?","?","1","DNP"
"CAP, MLCC, C0G, 0603, 100V, 10%, 1800pF","C33","0603","CAP 0805","Murata","GRM1885C2A182JA01D","1","-"
"CAP, MLCC, C0G, 0603, 50V, 10%, 6800pF","C34","0603","CAP 0805","TDK","CGA3E1C9G2A682J080AC","1",""
"CAP, MLCC, C0G, 0603, 50V, 10%, 390pF","C35","0603","CAP 0805","TDK","C1608C0G2A391K080AA","1","-"
"CAP, MLCC, C0G, 0402, 50V, 5%, 1000pF","C36","0402","CAP 0805","Murata","GRM1555C1H102FA01D","1",""
"CAP, MLCC, C0G, 0402, 50V, 5%, 100pF","C37","0402","CAP 0805","Murata","GRM1555C1H101JA01J","1",""
"CAP, TANT, SMD, 0402, 0.33uF, 20V","C38","0402_P","CAP_TANT","ROHM Semi","TCTU1D334M8R","1",""
"CAP, MLCC, C0G, 0402, 16V, 10%, 10000pF","C39, C44, C51","0402","CAP 0805","Murata","GRM1555CYA103GE01D","3",""
"CAP, MLCC, C0G, 0402, 16V, 10%, 10000pF","C40","0402","CAP 0805","Murata","GRM1555CYA103GE01D","1","DNP"
"CAP, MLCC, C0G, 0201, 16V, 10%, 10000pF","C41, C42, C43, C54, C55","0201","CAP 0805","ANY","RF_0201_10000pF","5",""
"CAP, MLCC, C0G, 0402, 100V, 10%, 1000pF","C52, C53","0201","CAP 0805","ANY","0201_1000pF","2",""
"CAP, MLCC, C0G, 0402, 50V, 5%, 1000pF","C101","0402","CAP 0805","Murata","GRM1555C1H102FA01D","1","DNP"
"CAP, MLCC, C0G, 0402, 50V, 5%, 100pF","C102","0402","CAP 0805","Murata","GRM1555C1H101JA01J","1","DNP"
"CAP, TANT, SMD, 0402, 0.33uF, 20V","C103","0402_P","CAP_TANT","ROHM Semi","TCTU1D334M8R","1","DNP"
"CAP, MLCC, C0G, 0402, 16V, 10%, 10000pF","C104, C105, C106, C107","0201","CAP 0805","ATC","520L103KT16T","4","DNP"
"DIO, TVS, 5V, 500W, DIODE, SHTKY","D1, D4","SMA","DIODE_SCHOTTKY_SOD123","MCC","SS2150-LTP","2","-"
"LED, 0402, GRN","D2","0402-LED","LED","Kingbright","APG1005CGC-T","1",""
"DIO, TVS, 15V, 500W","D3","SMA","DIODE_SCHOTTKY_SOD123","MCC","SMAJ16A-TP","1","-"
"Bead, Ferrite, SMD, 80 ohm","FB1, FB2, FB3, FB4, FB5, FB6, FB7, FB8","0402","FB-100","Laird","MI0402K121R-10","8",""
"CONN, SMA, EDGE","J1, J2","CONN_SMA_EDGE_062","CONN_SMA_EDGE","ANY","SMA_EDGE","2","-"
"CONN, SMA, EDGE","J101, J102, J103, J104, J105, J106, J107","CONN_SMA_EDGE_062","CONN_SMA_EDGE","-","-","7","DNP"
"IND, CHP, WW, 3.3nH, 0805","L1","0805","FB-100","Kyocera","L08053R3CEWTR","1","DNP"
"IND, CHP, WW, 3.3nH, 0805","L2","0805","FB-100","Kyocera","L08053R3CEWTR","1",""
"CON, PICBLD, 1.25MM, 6POS","P1, P1a","CON_1.25MM_6P","CONN_6POS_1.25MM_JTAGPGM","Molex","53398-0671","2","-"
"CON, DIP, 16 POS","P2","IDC16","CON_16P_2ROW","3M","D2516-6002-AR","1","-"
"TRAN, PNP, 40V, 200mA","Q1, Q2","SOT23-A","PNP1","MCC","MMBT3906T-TP","2",""
"RES, CHP, 0402, 1%, 100ppm/C, 1","R1","0402","Res3","Vishay/Dale","RCC04021R00FKED","1",""
"RES, CHP, 0402, 1%, 470","R2","0402","Res3","Yageo","RC0402FR-07470RL","1",""
"RES, CHP, 0402, 1%, 49.9","R2a","0402","Res3","Yageo","RC0402FR-0749R9L","1",""
"RES, CHP, 0402, 1%, 4.99","R3","0402","Res3","Yageo","RC0402FR-074R99L","1",""
"RES, CHP, 0402, 1%, 3.60K","R4, R5","0402","Res3","Yageo","RC0402FR-073K6L","2",""
"RES, CHP, 0402, 1%, 0","R6, R9, R26, R27","0402","Res3","Yageo","RC0402FR-070RL","4",""
"RES, CHP, 0402, 1%, 18","R7","0402","Res3","Yageo","RC0402FR-0718RL","1",""
"RES, CHP, 0402, 1%, 68","R8","0402","Res3","Yageo","RC0402FR-0768RL","1",""
"RES, CHP, 0402, 1%, 33","R10, R11, R12, R13, R14, R16, R18, R19, R24","0402","Res3","Yageo","RC0402FR-0733RL","9",""
"RES, CHP, RF, 0402, 0.1%, 50","R15, R17","0402","Res3","Vishay/Dale","FC0402E50R0BST1","2",""
"RES, CHP, 0201, 1%, 49.9","R20, R21, R22, R23","0201","Res3","Yageo","RC0201FR-0749R9L","4",""
"RES, CHP, 0402, 1%, 402","R25","0402","Res3","Yageo","RC0402FR-07402RL","1",""
"RES, CHP, 0201, 1%, 150","R101, R102, R103","0201","Res3","Yageo","RC0201FR-07150RL","3","DNP"
"IC, PLL, w/VCO, 7.3-15000 MHz, 300MHz REF","U1","VQFN-40","LMX2594RHAT","TI","LMX2594RHAT","1",""
"IC, VREG, ULN, 3.3V","U2, U8","LFCSP-8","ADM7150ARDZ-5.0","Analog Devices","ADM7154ACPZ-3.3-R7","2",""
"IC, MCU, SFF, 8b, 32Kb, 20MHz","U3","VQFN24_3X3_SM","ATTINY-3217","MicroChip","ATTINY3217-MNR","1",""
"MMIC, AMP, E-PHEMT","U4","MC1631-1","PMA2-183LN+","Mini Circuits","PMA2-183LN+","1",""
"ATTEN, FXD, SMD, 1W","U5","ATTEN_TSX-X","ATTEN_TSX","Smiths Interconnect","TSXaa.00","1","DNP"
"IC,GATE,2IN,AND,SNGL,","U6","SC70-5","74AHC1G08+5V","TI","SN74AHC1G08DCKR","1","-"
"IC, OSC, SMD, W_EN","U7","OSC_UniversalSMD","OSC_MODULE","Abracon","ASEMB-25.000MHZ-LC-T","1",""
"MMIC, AMP, E-PHEMT","U101","MC1631-1","PMA2-183LN+","Mini Circuits","PMA2-183LN+","1","DNP"
